username,category
deltabolic,Online Fitness Coach
jpgcoaching,Online Fitness Coach
leanbeefpatty,Online Fitness Coach
syattfitness,Online Fitness Coach
cartergood,Online Fitness Coach
theoburn,Online Fitness Coach
colinwelsch,Online Fitness Coach
jordan_syatt,Online Fitness Coach
clarkfit,Online Fitness Coach
brenblakley,Online Fitness Coach
coachegghad,Online Fitness Coach
scimuszc,Online Fitness Coach
danielle_keen,Online Fitness Coach
trainwithjoan,Online Fitness Coach
soheefit,Online Fitness Coach
shona_vertue,Online Fitness Coach
rebeccalouisefitness,Online Fitness Coach
willcozens,Online Fitness Coach
alexia_clark,Online Fitness Coach
kayla_itsines,Online Fitness Coach
emilyskyefit,Online Fitness Coach
simeonpanda,Online Fitness Coach
ulissesworld,Online Fitness Coach
jeff_seid,Online Fitness Coach
sadikhadzovic,Online Fitness Coach
bradleymartyn,Online Fitness Coach
calumvonmoger,Online Fitness Coach
stevecook,Online Fitness Coach
christianguzmanfitness,Online Fitness Coach
nikkiblackketter,Online Fitness Coach
dr.idz,Medical / Science Authority
drjacob,Medical / Science Authority
squat_university,Medical / Science Authority
biolayne,Medical / Science Authority
dr.sam.robbins,Medical / Science Authority
maxlugavere,Medical / Science Authority
dr.nadolsky,Medical / Science Authority
thomasdelauer,Medical / Science Authority
paulsaladinomd,Medical / Science Authority
dr_fatloss_example,Medical / Science Authority
dr.markhyman,Medical / Science Authority
dr.andrewhuberman,Medical / Science Authority
peterattiamd,Medical / Science Authority
dr_ben_bikman,Medical / Science Authority
drwillbulsiewicz,Medical / Science Authority
drjasonfung,Medical / Science Authority
drchatterjee,Medical / Science Authority
drgundry,Medical / Science Authority
dr.williamli,Medical / Science Authority
dr.rhondapatrick,Medical / Science Authority
fitnesschef_official,Nutrition & Recipe Creator
nutrition_facts_org,Nutrition & Recipe Creator
collegecleaneating,Nutrition & Recipe Creator
maddhealthy,Nutrition & Recipe Creator
sortingoutscience,Nutrition & Recipe Creator
abbylangernutrition,Nutrition & Recipe Creator
rhitrition,Nutrition & Recipe Creator
thenutritionguru,Nutrition & Recipe Creator
nutritionbykara,Nutrition & Recipe Creator
macronutrientgenius,Nutrition & Recipe Creator
tasteofclark,Nutrition & Recipe Creator
macrochef,Nutrition & Recipe Creator
fitmencook,Nutrition & Recipe Creator
jalalsamfit,Nutrition & Recipe Creator
stealth_health_life,Nutrition & Recipe Creator
cheatdaydesign,Nutrition & Recipe Creator
thegourmet700,Nutrition & Recipe Creator
lowcalrecipes99,Nutrition & Recipe Creator
countingmacros101,Nutrition & Recipe Creator
theflexibledietinglifestyle,Nutrition & Recipe Creator
hybrid.calisthenics,High-Reach Fitness Athlete
athleanx,High-Reach Fitness Athlete
functional.patterns,High-Reach Fitness Athlete
crossfit,High-Reach Fitness Athlete
bodybuildingcom,High-Reach Fitness Athlete
gymshark,High-Reach Fitness Athlete
alphalete,High-Reach Fitness Athlete
vanquishfitness,High-Reach Fitness Athlete
roguefitness,High-Reach Fitness Athlete
menshealthmag,High-Reach Fitness Athlete
womenshealthmag,High-Reach Fitness Athlete
muscleandfitness,High-Reach Fitness Athlete
shape,High-Reach Fitness Athlete
selfmagazine,High-Reach Fitness Athlete
fitnessmagazine,High-Reach Fitness Athlete
chrissy_fitness,High-Reach Fitness Athlete
anllela_sagra,High-Reach Fitness Athlete
michelle_lewin,High-Reach Fitness Athlete
paula_cremon,High-Reach Fitness Athlete
jeneselter,High-Reach Fitness Athlete
sommerray,High-Reach Fitness Athlete
tammyhembrow,High-Reach Fitness Athlete
chloe_t,High-Reach Fitness Athlete
madfit.ig,High-Reach Fitness Athlete
growingannanas,High-Reach Fitness Athlete
pamela_rf,High-Reach Fitness Athlete
krissycela,High-Reach Fitness Athlete
whitneyysimmons,High-Reach Fitness Athlete
natacha.oceane,High-Reach Fitness Athlete
stephanie_buttermore,High-Reach Fitness Athlete
